City_ID,City,Country,Max Temp,Current Description,Lat,Lng,Hotel Name
1,Saint-Philippe,RE,67.59,light rain,-21.3585,55.7679,"Chambres d'h√¥te ""La Trinit√©"""
2,Nikolskoye,RU,75.09,clear sky,59.7035,30.7861,Tourist House - Sablino
3,Longyearbyen,SJ,49.84,broken clouds,78.2186,15.6401,"Radisson Blu Polar Hotel, Spitsbergen"
4,Lisakovsk,KZ,63.86,scattered clouds,52.5369,62.4936,Gostinitsa Lisakovsk
5,Thompson,CA,62.76,broken clouds,55.7435,-97.8558,Burntwood Hotel
7,Busselton,AU,57.72,broken clouds,-33.65,115.3333,Observatory Guest House
8,Ilulissat,GL,57.22,broken clouds,69.2167,-51.1,Hotel Arctic
9,Coxim,BR,95.38,broken clouds,-18.5067,-54.76,Hotel Avenida
10,Baykalsk,RU,54.12,overcast clouds,51.5058,104.1469,"Otel' ""Mel'nitsa"""
11,Ushuaia,AR,31.66,shower snow,-54.8,-68.3,Albatross Hotel
12,Hermanus,ZA,47.8,scattered clouds,-34.4187,19.2345,Misty Waves Boutique Hotel
13,Kapaa,US,80.19,scattered clouds,22.0752,-159.319,Sheraton Kauai Coconut Beach Resort
14,Victoria,HK,86.38,clear sky,22.2855,114.1577,Mini Central
15,Tiksi,RU,41.0,scattered clouds,71.6872,128.8694,Arktika
16,Vaini,TO,73.96,clear sky,-21.2,-175.2,Keleti Beach Resort
17,Arraial Do Cabo,BR,75.06,few clouds,-22.9661,-42.0278,Pousada Porto Praia
18,Mataura,NZ,38.48,overcast clouds,-46.1927,168.8643,Ellie's Villa
19,Rikitea,PF,74.55,scattered clouds,-23.1203,-134.9692,People ThankYou
20,Awbari,LY,94.44,clear sky,26.5921,12.7805,ŸÅŸÜÿØŸÇ ÿ£Ÿàÿ®ÿßÿ±Ÿä
21,Jiexiu,CN,76.62,broken clouds,37.0244,111.9125,IU Hotel Jinzhong Yuhua Road
22,Barrow,US,44.62,clear sky,71.2906,-156.7887,King Eider Inn
23,Chuy,UY,62.24,light rain,-33.6971,-53.4616,Nuevo Hotel Plaza
24,Kavieng,PG,81.0,light rain,-2.5744,150.7967,Nusa Island Retreat
25,Bluff,NZ,38.8,overcast clouds,-46.6,168.3333,Bluff Homestead - Guesthouse & Campervan Park
26,Mae Ramat,TH,77.79,moderate rain,16.984,98.5166,‡∏ö‡πâ‡∏≤‡∏ô‡πÇ‡∏Æ‡πà‡∏á‡πÇ‡∏Æ‡∏°‡∏™‡πÄ‡∏ï‡∏¢‡πå ‡πÅ‡∏°‡πà‡∏£‡∏∞‡∏°‡∏≤‡∏î ‡∏ï‡∏≤‡∏Å
27,Bredasdorp,ZA,49.24,scattered clouds,-34.5322,20.0403,Bredasdorp Country Manor
28,Guerrero Negro,MX,75.16,broken clouds,27.9769,-114.0611,"Casa Laguna, Bed & Breakfast"
29,Cape Town,ZA,57.27,clear sky,-33.9258,18.4232,"Radisson Blu Hotel Waterfront, Cape Town"
30,Vallenar,CL,62.56,scattered clouds,-28.5708,-70.7581,Humacao Bed & Breakfast
31,Cairns,AU,69.06,few clouds,-16.9167,145.7667,Mantra Trilogy Cairns
32,Shingu,JP,77.77,broken clouds,33.7333,135.9833,Shingu UI Hotel
34,Qaanaaq,GL,45.9,overcast clouds,77.484,-69.3632,Qaanaaq Hotel
35,Bandarbeyla,SO,76.23,overcast clouds,9.4942,50.8122,JABIR HOTEL
36,Ribeira Grande,PT,77.4,scattered clouds,38.5167,-28.7,Quinta da Meia Eira
37,Katsuura,JP,77.9,overcast clouds,35.1333,140.3,Katsuura Hotel Mikazuki
38,Hithadhoo,MV,81.07,moderate rain,-0.6,73.0833,Scoop Guest House
39,Sovetskiy,RU,57.97,scattered clouds,61.3614,63.5842,Apartment on Kievskaya 29
40,Camacha,PT,69.22,broken clouds,33.0833,-16.3333,Hotel Porto Santo & Spa
41,Dingle,PH,77.85,overcast clouds,10.9995,122.6711,SEGAYA PROPERTY
43,Xuanhua,CN,74.16,broken clouds,40.6103,115.0447,Jinjiang Inn Zhangjiakou Xuanhua People's Park
44,Saint-Pierre,RE,67.68,clear sky,-21.3393,55.4781,Alize Plage
45,Pontianak,ID,76.98,scattered clouds,-0.0333,109.3333,Aston Pontianak Hotel & Convention Center
46,Talnakh,RU,52.21,light rain,69.4865,88.3972,Talnakh Hotel
47,Jamestown,US,80.53,broken clouds,42.097,-79.2353,Hampton Inn & Suites Jamestown
48,Chapais,CA,69.58,broken clouds,49.7834,-74.8492,H√¥tel Op√©miska
49,Hasaki,JP,79.29,overcast clouds,35.7333,140.8333,Inubosaki Kanko Hotel
50,Namatanai,PG,78.73,light rain,-3.6667,152.4333,Seagulls Inn Namatani
51,Houma,US,95.0,scattered clouds,29.5958,-90.7195,Courtyard by Marriott Houma
52,Kaitangata,NZ,43.03,overcast clouds,-46.2817,169.8464,Kaitangata Motor Camp
53,Nhulunbuy,AU,71.08,broken clouds,-12.2333,136.7667,East Arnhem Real Estate
54,Trairi,BR,82.98,overcast clouds,-3.2778,-39.2689,janelas do mar
55,Staraya Poltavka,RU,67.44,scattered clouds,50.4772,46.4814,"Hotel ""Oktyabrskaya"""
56,Smithers,CA,62.92,scattered clouds,54.7804,-127.1743,"Prestige Hudson Bay Lodge, Premier Collection"
57,Ahipara,NZ,54.03,broken clouds,-35.1667,173.1667,Ahipara Holiday Park
58,Kingsland,US,90.93,clear sky,30.8,-81.6898,Microtel Inn & Suites by Wyndham Kingsland
61,Cidreira,BR,72.45,overcast clouds,-30.1811,-50.2056,Hotel Castelo
62,Saint Anthony,US,83.88,clear sky,45.0205,-93.218,"Holiday Inn Express Roseville-St. Paul, an IHG Hotel"
63,Yellowknife,CA,64.92,few clouds,62.456,-114.3525,The Explorer Hotel
64,Sorong,ID,78.01,overcast clouds,-0.8833,131.25,Waigo Splash Hotel
65,Nakamura,JP,76.91,scattered clouds,32.9833,132.9333,Hotel Crown Hills Nakamura
66,Mar Del Plata,AR,56.08,clear sky,-38.0023,-57.5575,Gran Hotel Mar del Plata
67,Scarborough,GB,64.78,overcast clouds,54.2797,-0.4044,The Grand Hotel Scarborough
68,Grindavik,IS,57.15,broken clouds,63.8424,-22.4338,Northern Light Inn & Max's Restaurant
69,Carnarvon,AU,65.59,broken clouds,-24.8667,113.6333,Hospitality Carnarvon
70,Lima,PE,66.9,overcast clouds,-12.0432,-77.0282,Hotel Kamana
71,Naron,ES,74.55,scattered clouds,43.5167,-8.1528,Marcial
72,Makakilo City,US,74.68,light rain,21.3469,-158.0858,Marriott's Ko Olina Beach Club
73,Bethel,US,93.36,scattered clouds,41.3712,-73.414,Courtyard by Marriott Danbury
75,Klaksvik,FO,50.92,scattered clouds,62.2266,-6.589,Airbnb rooms
76,Rovaniemi,FI,71.01,light intensity shower rain,66.5,25.7167,Arctic City Hotel
77,Hobart,AU,39.06,clear sky,-42.8794,147.3294,St Ives Hobart Accommodation Tasmania
78,East London,ZA,62.56,clear sky,-33.0153,27.9116,Tu Casa
79,Avarua,CK,73.45,scattered clouds,-21.2078,-159.775,Paradise Inn
80,Sola,VU,80.6,few clouds,-13.8833,167.55,Leumerus Bungalows
81,Codrington,AU,47.01,few clouds,-38.2667,141.9667,Codrington Gardens Bed And Breakfast
82,Namtsy,RU,68.38,broken clouds,62.7161,129.6658,"""–≠“£—Å–∏—ç–ª–∏ –ö–∏–∏–Ω"""
83,Araci,BR,81.59,overcast clouds,-11.3333,-38.9667,Pousada Posto Rodagem II
84,Maceio,BR,83.64,broken clouds,-9.6658,-35.7353,Hotel Ponta Verde Macei√≥
85,Punta Arenas,CL,35.71,few clouds,-53.15,-70.9167,Hotel Hain
86,Rosarito,MX,83.41,overcast clouds,32.3333,-117.0333,Hotel Festival Plaza Rosarito
87,Namibe,AO,64.47,clear sky,-15.1961,12.1522,Hotel Chik Chik Namibe
88,Faya,SA,69.91,overcast clouds,18.3851,42.4509,ÿßŸÖŸÑÿßŸÉ ÿÆÿßŸÑÿØ ÿßŸÑÿ¥ÿπÿ¥Ÿàÿπ
89,Port Keats,AU,67.51,few clouds,-14.25,129.55,TDC Village (Hundred Man Camp)
91,Nanortalik,GL,52.23,clear sky,60.1432,-45.2371,Hotel Kap Farvel
92,Esperance,AU,53.44,broken clouds,-33.8667,121.9,Hospitality Esperance
94,Valparaiso,CL,57.43,haze,-33.0393,-71.6273,Hotel Ultramar
95,Veraval,IN,82.0,overcast clouds,20.9,70.3667,Lords Inn Somnath
96,Atuona,PF,77.16,few clouds,-9.8,-139.0333,Villa Enata
97,Cururupu,BR,85.55,broken clouds,-1.8283,-44.8683,POUSADA TRAV√âS'CIA
98,Flin Flon,CA,62.44,overcast clouds,54.7682,-101.865,Victoria Inn Flin Flon
99,Nador,MA,84.27,scattered clouds,35.174,-2.9287,H√¥tel La Giralda
100,Angoche,MZ,72.48,clear sky,-16.2325,39.9086,Guest House HESADA
102,Butaritari,KI,80.01,broken clouds,3.0707,172.7902,Isles Sunset Lodge
103,Pandan,PH,81.32,few clouds,14.0453,124.1694,Bonifacio Lodge
105,Vanimo,PG,78.22,moderate rain,-2.6741,141.3028,Vahmoneh Lodge Vanimo
106,Barcelos,PT,85.91,clear sky,41.5388,-8.6151,Hotel Restaurante Bagoeira
107,Ahuimanu,US,75.85,light rain,21.4447,-157.8378,Paradise Bay Resort
109,Yerkoy,TR,72.19,clear sky,39.6381,34.4672,Yerk√∂y √ñƒüretmenevi
110,Hofn,IS,55.42,broken clouds,64.2539,-15.2082,H√≥tel H√∂fn
112,Vila,PT,80.71,clear sky,42.0304,-8.1588,Hotel Castrum Villae by Walk Hotels
113,Dapaong,TG,85.26,overcast clouds,10.8639,0.205,Hotel Caroli
114,Geraldton,AU,61.63,broken clouds,-28.7667,114.6,Broadwater Mariner Resort
115,Turukhansk,RU,56.75,broken clouds,65.8167,87.9833,"–û–û–û ""–¢—É—Ä—É—Ö–∞–Ω—Å–∫–∞—è –ø—É—à–Ω–∏–Ω–∞"""
116,Ancud,CL,41.23,light rain,-41.8697,-73.8203,Hotel Arena Gruesa
117,Sitka,US,55.29,overcast clouds,57.0531,-135.33,Westmark Sitka
118,Cayenne,GF,87.84,few clouds,4.9333,-52.3333,H√¥tel Le Dronmi
119,Hay River,CA,64.38,scattered clouds,60.8156,-115.7999,Ptarmigan Inn
120,La Ronge,CA,62.85,broken clouds,55.1001,-105.2842,Northland Motor Hotel
121,Lagoa,PT,72.82,broken clouds,39.05,-27.9833,Casa Das Faias
122,Norman Wells,CA,60.84,broken clouds,65.282,-126.8329,Heritage Hotel
123,Olafsvik,IS,52.47,broken clouds,64.8945,-23.7142,Hotel Olafsvik
124,Shache,CN,84.7,clear sky,38.4167,77.2406,Delong Hotel
126,Tigil,RU,53.37,few clouds,57.8,158.6667,Tigil'
128,Dwarka,IN,82.92,overcast clouds,22.2394,68.9678,Hotel Narayan Avezika Comfort
129,Kasongo,CD,79.92,scattered clouds,-4.45,26.6667,Guest H√¥tel
130,Saldanha,ZA,51.85,scattered clouds,-33.0117,17.9442,Blue Bay Lodge
131,Havre-Saint-Pierre,CA,73.76,scattered clouds,50.2334,-63.5986,Auberge Niapiskau
132,Bambous Virieux,MU,70.05,light rain,-20.3428,57.7575,Casa Tia Villa
133,Bengkulu,ID,75.63,broken clouds,-3.8004,102.2655,Grage Hotel Bengkulu
134,Koppang,NO,71.47,overcast clouds,61.5706,11.0555,Trya Camping
135,Laukaa,RU,74.66,clear sky,58.7372,29.8453,U Lysoy Gory Hotel
136,Basco,PH,85.26,clear sky,20.4487,121.9702,Nathaniel's Lodge
137,Jalu,LY,91.51,clear sky,29.0331,21.5482,ÿµÿßÿ≠ÿ®ÿ© ÿßŸÑŸÅÿÆÿßŸÖÿ©
138,Dicabisagan,PH,80.94,scattered clouds,17.0818,122.4157,Nancy Montanes Bernardo
139,Buluang,PH,78.06,scattered clouds,13.3068,123.3425,Sacueza Beach Resort
140,Castro,BR,72.68,clear sky,-24.7911,-50.0119,CHACARA BAILLY
141,Midleton,IE,64.65,overcast clouds,51.9153,-8.1805,Midleton Park Hotel
142,Altay,CN,63.39,overcast clouds,47.8667,88.1167,Jinqiao Hotel
143,Mayo,US,95.34,few clouds,38.8876,-76.5119,Resorts Resource Group International
144,Peniche,PT,78.3,broken clouds,39.3558,-9.3811,Hotel Star inn Peniche
145,Taman,RU,73.89,clear sky,45.2117,36.7161,Staryy Gorod G. Taman'
146,Kodiak,US,53.11,broken clouds,57.79,-152.4072,Best Western Kodiak Inn And Convention Center
147,Ponta Delgada,PT,74.12,broken clouds,37.7333,-25.6667,Vila Nova Hotel
148,Mafeteng,LS,51.37,scattered clouds,-29.823,27.2374,Catholic Training Center
149,Mahibadhoo,MV,82.8,overcast clouds,3.7833,72.9667,Omadhoo Inn
151,Dezhou,CN,76.75,clear sky,37.4486,116.2925,Zhongtai International Hotel
152,Sao Filipe,CV,75.76,broken clouds,14.8961,-24.4956,Hotel Xaguate
153,Strezhevoy,RU,57.7,overcast clouds,60.7333,77.5889,Sibiryachka
154,Garden City,US,89.02,few clouds,42.3256,-83.331,Big Trees Mobile Home Community
155,Deputatskiy,RU,37.65,clear sky,69.3,139.9,Baza Otdykha
156,Ixtapa,MX,91.22,scattered clouds,20.7,-105.2,hotel la terminal
157,Upernavik,GL,47.25,light rain,72.7868,-56.1549,Caf√© de Upernavik
158,Songjianghe,CN,59.88,overcast clouds,42.1859,127.479,Sijisheng Fashion Guest House
159,Nantucket,US,82.54,mist,41.2835,-70.0995,Jared Coffin House
160,Dhidhdhoo,MV,81.72,overcast clouds,6.8833,73.1,Dhidhoo beach
161,Tasiilaq,GL,42.96,overcast clouds,65.6145,-37.6368,The Red House
162,Hongjiang,CN,76.82,broken clouds,27.11,109.9956,Ê¥™Ê±üÂ§ßÈÖíÂ∫ó
163,Gornyy,RU,59.74,light rain,55.1153,83.9059,Gostinyy Dvor
164,Hilo,US,76.28,mist,19.7297,-155.09,Hilo Hawaiian Hotel
165,Teodoro Sampaio,BR,87.78,scattered clouds,-22.5325,-52.1675,Hotel do Senhor
166,Dawlatabad,AF,93.24,clear sky,36.4141,64.9053,WASIM ASGAR KHAN
167,Tazovskiy,RU,44.04,overcast clouds,67.4667,78.7,TazHostel
168,Naze,JP,83.32,broken clouds,28.3667,129.4833,Shishime Hotel
170,Dunedin,NZ,46.8,overcast clouds,-45.8742,170.5036,Scenic Hotel Southern Cross
171,Lompoc,US,67.6,overcast clouds,34.6391,-120.4579,"Holiday Inn Express Lompoc, an IHG Hotel"
172,Georgetown,MY,83.89,few clouds,5.4112,100.3354,Cititel Penang
173,Fortuna,US,57.92,broken clouds,40.5982,-124.1573,Super 8 by Wyndham Fortuna
174,Youghal,IE,64.09,overcast clouds,51.95,-7.8506,Walter Raleigh Hotel
175,Faanui,PF,77.22,few clouds,-16.4833,-151.75,Bora-Bora Pearl Beach Resort & Spa
176,Kautokeino,NO,57.02,overcast clouds,69.0125,23.0412,Thon Hotel Kautokeino
177,Pimentel,PE,64.69,overcast clouds,-6.8367,-79.9342,Hotel Puerto del Sol
178,Akyab,MM,83.01,moderate rain,20.15,92.9,Hotel Memory
179,Farkhor,TJ,93.04,clear sky,37.4922,69.4036,Khonai Abdulkhayrov
180,Dharchula,IN,72.3,overcast clouds,29.85,80.5333,Mahara Hotel
182,North Myrtle Beach,US,90.09,clear sky,33.816,-78.68,Avista Resort
183,Sokoto,NG,87.06,broken clouds,13.0609,5.239,Grand Ibro Hotel
184,Cockburn Town,TC,87.76,scattered clouds,21.4612,-71.1419,Osprey Beach Hotel
186,Aklavik,CA,57.2,shower rain,68.2191,-135.0107,Aklavik Inn
187,Moose Factory,CA,59.0,mist,51.2585,-80.6094,Cree Village Eco Lodge
188,Santiago Del Estero,AR,78.82,scattered clouds,-27.7951,-64.2615,Apartamentos Castelli 90
189,Hearst,CA,62.53,overcast clouds,49.6835,-83.6665,Companion
190,Progreso,MX,91.51,clear sky,21.2833,-89.6667,Playa Linda Hotel
191,Bodden Town,KY,89.6,scattered clouds,19.2833,-81.25,Will T Place
192,Ndola,ZM,66.04,overcast clouds,-12.9587,28.6366,Chabanga Lodge iSpot
194,Durres,AL,86.18,clear sky,41.3231,19.4414,Palace Hotel & Spa Durr√´s
195,Umtata,ZA,52.36,scattered clouds,-31.5889,28.7844,LLZZ Boutique Lodge
196,Ballina,AU,59.04,light rain,-28.8667,153.5667,Ramada Hotel & Suites by Wyndham Ballina Byron
197,Esfarayen,IR,82.06,clear sky,37.0765,57.5101,ÿØŸÅÿ™ÿ± ÿßÿ≤ÿØŸàÿßÿ¨ 65 : ÿ≥ÿ±ÿØŸÅÿ™ÿ± ÿßÿ®ÿ±ÿßŸá€åŸÖ ÿ®ÿ±ÿ∫ŸÖÿØ€å
198,Melilla,ES,84.4,scattered clouds,35.2937,-2.9383,Hotel Anfora
199,Son La,VN,69.48,overcast clouds,21.3167,103.9,Galaxy Grand Hotel
200,Siderno,IT,85.05,clear sky,38.2779,16.302,Grand Hotel President
201,Tinskoy,RU,59.54,overcast clouds,56.1525,96.9161,"Kemping ""Turist"""
202,Ngunguru,NZ,51.67,scattered clouds,-35.6167,174.5,Pacific Rendezvous Motel Resort
203,Charlestown,AU,62.73,overcast clouds,-32.95,151.6667,Panorama Motor Inn Hotel
204,Torbay,CA,76.87,broken clouds,47.6666,-52.7314,Gallows Cove
205,Kasane,BW,67.32,broken clouds,-17.8167,25.15,The Old House
206,Zabaykalsk,RU,68.05,few clouds,49.6333,117.3167,Zheleznyy Mir
207,Weiser,US,89.8,clear sky,44.251,-116.9693,The Colonial Motel
208,Puerto Ayora,EC,78.76,broken clouds,-0.7393,-90.3518,Finch Bay Galapagos Hotel
209,Guhagar,IN,78.75,overcast clouds,17.4842,73.1929,Hotel Seawinds
210,Manta,EC,76.78,broken clouds,-0.95,-80.7333,Balandra Hotel
211,Cherskiy,RU,34.16,few clouds,68.75,161.3,Gostinitsa
212,Berlevag,NO,66.0,light rain,70.8578,29.0864,Kvitbrakka
213,Kloulklubed,PW,82.36,moderate rain,7.0419,134.2556,Storyboard Beach Resort
215,Lukavica,BA,92.16,clear sky,44.7628,18.1689,DUJA
216,New Norfolk,AU,38.71,clear sky,-42.7826,147.0587,The Shingles Riverside Cottages
217,Omboue,GA,74.8,broken clouds,-1.5746,9.2618,Hotel Olako
218,San Cristobal,VE,77.18,overcast clouds,7.7669,-72.225,Pirineos
219,Tura,IN,75.78,overcast clouds,25.5198,90.2201,Hotel RIKMAN Continental
220,Morondava,MG,73.2,clear sky,-20.2833,44.2833,La Case Bambou
221,Iqaluit,CA,40.73,overcast clouds,63.7506,-68.5145,Frobisher Inn
222,Fjerritslev,DK,71.46,broken clouds,57.0813,9.2664,Danhostel Fjerritslev
223,Husavik,IS,50.72,broken clouds,66.0449,-17.3389,Bjarnab√∫√∞
224,Ponta Do Sol,PT,75.13,clear sky,32.6667,-17.1,Hotel do Campo
225,Horta,PT,76.64,scattered clouds,38.5333,-28.6333,Hotel do Canal | Horta - Faial
226,Khatanga,RU,52.68,overcast clouds,71.9667,102.5,"""Khatanga"""
227,Svetlogorsk,BY,67.5,clear sky,52.6333,29.7333,Hotel Svetlogorsk JBIK
229,Cabo San Lucas,MX,98.62,clear sky,22.8909,-109.9124,Hotel Tesoro Los Cabos
230,Severo-Kurilsk,RU,52.57,moderate rain,50.6789,156.125,Kak Doma
231,Tuktoyaktuk,CA,51.8,overcast clouds,69.4541,-133.0374,End of The Road Ltd.
232,Alice Springs,AU,43.54,clear sky,-23.7,133.8833,Desert Palms Alice Springs
233,Kaeo,NZ,50.32,scattered clouds,-35.1,173.7833,Bushido Lodge
234,Brasileia,BR,91.85,few clouds,-11.0161,-68.7481,Pousada Tobias
235,Kelowna,CA,87.75,few clouds,49.8831,-119.4857,Delta Hotels by Marriott Grand Okanagan Resort
236,Luanda,AO,68.97,broken clouds,-8.8368,13.2343,EPIC SANA Luanda
237,Presidencia Roque Saenz Pena,AR,86.76,overcast clouds,-26.7852,-60.4388,Hotel Gualok
238,Kutoarjo,ID,74.84,overcast clouds,-7.7169,109.9128,Massagus Hotel
239,Tutoia,BR,84.11,scattered clouds,-2.7619,-42.2744,Pousada Guar√°'s
240,Lasa,IT,81.48,broken clouds,46.6166,10.7002,Pension Feldg√§rtenhof
241,Siraha,NP,81.91,overcast clouds,26.6541,86.2087,Hardik homes
243,Porto Murtinho,BR,96.46,few clouds,-21.6989,-57.8825,Hotel Pantanal
244,Road Town,VG,80.69,scattered clouds,18.4167,-64.6167,"ZINGARA 76ft Catamaran, full crew-all included"
245,Isangel,VU,76.59,few clouds,-19.55,169.2667,Tanna Lodge
246,Portland,US,75.74,few clouds,45.5234,-122.6762,Embassy Suites by Hilton Portland Downtown
247,Narsaq,GL,66.42,clear sky,60.9167,-46.05,Sleep In Narsaq
249,Camana,PE,62.58,overcast clouds,-16.6228,-72.7111,Hostal Morales
250,Vestmannaeyjar,IS,50.99,mist,63.4427,-20.2734,Glamping & Camping
251,San,ML,88.09,overcast clouds,13.3034,-4.8956,H√¥tel Teriya
252,Koungou,YT,73.11,overcast clouds,-12.7336,45.2042,Villa Netibor
253,Ibipeba,BR,81.7,scattered clouds,-11.6408,-42.0111,Quitanda santos
254,Watsa,CD,68.76,light rain,3.0372,29.5355,H√¥tel Le Pacifique
255,Hanyang,CN,70.23,light rain,32.1371,105.5126,Forestry Hostel
256,Paamiut,GL,46.51,broken clouds,61.994,-49.6678,Pistut
257,Maxixe,MZ,67.64,clear sky,-23.8597,35.3472,Oceano
258,Hastings,GB,72.39,broken clouds,50.8552,0.5729,Zanzibar Hotel
259,Tuatapere,NZ,43.38,overcast clouds,-46.1333,167.6833,Ron and Tony's Bed & Breakfast
260,Krasnotorka,UA,67.5,broken clouds,48.682,37.5327,Pansionat Paradiz
261,Baraboo,US,86.14,overcast clouds,43.4711,-89.7443,Thunderbird Motor Inn
262,Pemberton,CA,76.69,broken clouds,50.3164,-122.8027,Pemberton Valley Lodge
263,Qui Nhon,VN,78.87,overcast clouds,13.7667,109.2333,Seagull Hotel
264,Ginda,IN,65.77,overcast clouds,30.6945,78.4932,Sunil Bisht
265,Lixourion,GR,87.8,clear sky,38.2019,20.4314,Hotel Summery
266,Hirara,JP,84.88,clear sky,24.8,125.2833,Hotel Atoll Emerald Miyakojima
267,Guanare,VE,73.42,scattered clouds,9.0418,-69.7421,Nuevo Hotel Coromoto
268,Ust-Tsilma,RU,67.98,broken clouds,65.441,52.1498,U Praskov'i
270,Vestmanna,FO,49.12,overcast clouds,62.1564,-7.1664,Vestmanna Camping
271,Waingapu,ID,74.43,broken clouds,-9.6567,120.2641,Pondok Wisata Elim
272,Tomatlan,MX,91.53,few clouds,19.9333,-105.25,El Salvial
273,Amahai,ID,75.47,broken clouds,-3.3333,128.9167,HOTEL ISABELA
274,Nouadhibou,MR,76.98,clear sky,20.931,-17.0347,El Medina
275,Meadville,US,83.44,broken clouds,41.6414,-80.1515,"Holiday Inn Express Meadville (I-79 Exit 147A), an IHG Hotel"
276,Wildomar,US,89.78,clear sky,33.5989,-117.28,Usda Forest Services
277,Port Elizabeth,ZA,54.1,clear sky,-33.918,25.5701,39 On Nile Guest House
278,Manica,FR,77.05,broken clouds,49.0,-1.1667,Gite Lily
279,Itoman,JP,84.22,few clouds,26.1247,127.6694,Southern Beach Hotel & Resort Okinawa
280,Soe,ID,61.92,scattered clouds,-9.8607,124.284,Dena Hotel
281,Polis,CY,82.22,clear sky,35.0367,32.4264,Marion
282,Gibraltar,GI,78.75,few clouds,36.1447,-5.3526,The Caleta Hotel Gibraltar
285,Kruisfontein,ZA,51.89,clear sky,-34.0033,24.7314,Oyster Bay House Rental
287,Mogadishu,SO,76.3,broken clouds,2.0371,45.3438,Hotel Juba
288,Genhe,CN,60.46,scattered clouds,50.7833,121.5167,Companionship Hotel
289,Jacareacanga,BR,99.1,scattered clouds,-6.2222,-57.7528,Casa do Ianüòé
292,Mahebourg,MU,70.09,scattered clouds,-20.4081,57.7,Shandrani Beachcomber Resort & Spa
293,Ponto Novo,BR,79.12,overcast clouds,-10.8628,-40.1336,Pousada Mucambo
294,Iskateley,RU,49.78,clear sky,67.6803,53.1512,Hostel Agat
295,Ogdensburg,US,83.44,broken clouds,44.6942,-75.4863,Dewar‚Äôs Inn on the River
296,Sioux Lookout,CA,75.27,scattered clouds,50.1001,-91.917,Knobby's Fly-In Camps
297,Anadyr,RU,45.1,clear sky,64.75,177.4833,–û—Ç–∫–µ17.—Ä—É ‚Äî –∂–∏–ª—å—ë –¥–ª—è –∫–æ–º–∞–Ω–¥–∏—Ä–æ–≤–∞–Ω–Ω—ã—Ö
298,Kavaratti,IN,80.98,overcast clouds,10.5669,72.642,Green leaf
300,Janossomorja,HU,97.09,scattered clouds,47.7862,17.136,Erd≈ës Panzi√≥
301,Umm Lajj,SA,87.73,clear sky,25.0213,37.2685,Moon light Furnished Units
302,Los Llanos De Aridane,ES,73.15,few clouds,28.6585,-17.9182,Valle Aridane
303,Meulaboh,ID,77.68,overcast clouds,4.1363,96.1285,Kost Pria
304,Ulundi,ZA,59.61,broken clouds,-28.3352,31.4162,Ekhethelo Lodge Ulundi
305,Souillac,MU,70.18,light rain,-20.5167,57.5167,Shanti Maurice Resort & Spa
306,Santa Rosa,PH,81.01,overcast clouds,14.3122,121.1114,Erlyn‚Äôs Sta Rosa City Home
307,Praia Da Vitoria,PT,80.85,few clouds,38.7333,-27.0667,Hotel Branco I
308,Blyth,GB,63.09,broken clouds,55.1271,-1.5086,Carlton house
309,Fairbanks,US,57.81,broken clouds,64.8378,-147.7164,Westmark Fairbanks Hotel & Conference Center
310,Musetesti,RO,84.63,clear sky,45.15,23.4667,"Pensiunea ""La Troita"""
311,Ranong,TH,76.93,moderate rain,9.9658,98.6348,Numsai Khaosuay Resort Ranong
312,Ternate,ID,79.77,overcast clouds,0.8,127.4,Sahid Bela Ternate Hotel
313,Bam,IR,95.9,few clouds,29.106,58.357,Bam Tourist Hotel
314,Jiayuguan,CN,68.2,clear sky,39.8167,98.3,Jiugang Hotel - Jiayuguan
315,Necochea,AR,51.64,broken clouds,-38.5473,-58.7368,dyd -mar Hotel
316,Bandundu,CD,88.68,scattered clouds,-3.3167,17.3667,Coja Color
317,Portales,US,89.1,scattered clouds,34.1862,-103.3344,"Holiday Inn Express & Suites Portales, an IHG Hotel"
318,Petropavlovsk-Kamchatskiy,RU,57.79,light rain,53.0452,158.6483,The Hotel Petropavlovsky
319,Brownsville,US,94.08,scattered clouds,25.9018,-97.4975,Best Western Hotel Plaza Matamoros
320,Vitim,RU,62.1,overcast clouds,59.4511,112.5578,Gostinitsa V Apteke
321,Sambava,MG,69.17,light rain,-14.2667,50.1667,Melrose
322,Port Alfred,ZA,54.18,clear sky,-33.5906,26.891,The Halyards Hotel
323,Seddon,AU,47.14,clear sky,-37.8068,144.8916,Footscray Motor Inn
324,Panevezys,LT,76.1,few clouds,55.7333,24.35,Linos apartamentai
325,Coihaique,CL,37.35,broken clouds,-45.5752,-72.0662,Diego De Almagro Coyhaique
326,Honiara,SB,76.26,few clouds,-9.4333,159.95,Heritage Park Hotel
327,Kinna,SE,89.74,overcast clouds,57.5073,12.6946,Hanatorps Camping
328,Leningradskiy,RU,33.48,light snow,69.3833,178.4167,Gostinitsa
329,Seoul,KR,74.64,broken clouds,37.5683,126.9778,LOTTE HOTEL SEOUL
330,Natal,BR,84.42,broken clouds,-5.795,-35.2094,Villa Park Hotel | Natal
331,Alofi,NU,64.29,clear sky,-19.0595,-169.9187,Taloa Heights
332,Pisco,PE,66.02,broken clouds,-13.7,-76.2167,Hotel San Isidro Oficial
334,Lebu,CL,53.04,moderate rain,-37.6167,-73.65,Hostal Las Lilas
335,Lukh,RU,60.93,scattered clouds,57.0124,42.2584,Yoga Hostel
336,Linkou,CN,63.82,clear sky,45.3,130.2833,Yueliang Resort
337,Itarantim,BR,79.57,broken clouds,-15.6597,-40.0656,Pousada Buterfly
338,Yar-Sale,RU,46.29,overcast clouds,66.8333,70.8333,Yalemd
339,Hobyo,SO,76.41,broken clouds,5.3505,48.5268,Iftin hotel hobyo
340,Baruun-Urt,MN,71.8,broken clouds,46.6806,113.2792,–ê—Ö–º–∞–¥—ã–Ω –∞–º—Ä–∞–ª—Ç —Å—É–≤–∏–ª–∞–ª
341,El Tigre,VE,87.04,scattered clouds,8.8875,-64.2454,Hotel Santa Cruz
342,Zaplavnoye,RU,73.0,broken clouds,48.7048,45.0229,"Emerald, recreation"
343,Marsh Harbour,BS,83.5,clear sky,26.5412,-77.0636,Abaco Beach Resort
344,Sigmaringen,DE,81.07,few clouds,48.0833,9.2167,J√§gerhof
345,Xining,CN,47.88,broken clouds,36.6167,101.7667,Super Leisure Hotel
346,Durant,US,89.58,scattered clouds,33.994,-96.3708,"Holiday Inn Express & Suites Durant, an IHG Hotel"
347,Sur,OM,89.06,overcast clouds,22.5667,59.5289,Sur Plaza Hotel
349,Tsiroanomandidy,MG,61.97,clear sky,-18.7667,46.0333,Hotel Ravinala
351,Boca Do Acre,BR,96.19,clear sky,-8.7522,-67.3978,Hotel Sao Pedro
352,Mount Gambier,AU,47.23,broken clouds,-37.8333,140.7667,The Commodore
353,Skhisma,GR,82.83,clear sky,35.2667,25.7167,"Blue Palace, a Luxury Collection Resort and Spa, Crete"
354,Samfya,ZM,72.19,broken clouds,-11.3649,29.5565,Chita Lodge Samfya
355,Yurty,RU,59.47,broken clouds,56.0498,97.6348,Gostinitsa Khutorok
356,Sayyan,YE,67.19,overcast clouds,15.1718,44.3244,ŸÖŸÑÿßÿ∑ŸÅ ÿßÿ®Ÿàÿ≠Ÿàÿ±Ÿäÿ©
357,Bac Lieu,VN,76.66,overcast clouds,9.285,105.7244,Kh√°ch s·∫°n S√†i G√≤n B·∫°c Li√™u
359,Sarakhs,IR,95.14,clear sky,36.5449,61.1577,ŸÖŸáŸÖÿßŸÜ ÿ≥ÿ±ÿß€å ÿ¥ÿ±⁄©ÿ™ ⁄Øÿßÿ≤
360,Phan Thiet,VN,76.01,broken clouds,10.9333,108.1,Hotel Saigon-PT
361,Praia,CV,82.94,broken clouds,14.9215,-23.5087,LT Aparthotel
362,Grand Gaube,MU,70.2,broken clouds,-20.0064,57.6608,Veranda Paul et Virginie Hotel & Spa
363,Asilah,MA,84.16,overcast clouds,35.465,-6.0348,Hotel Zelis
364,Kieta,PG,79.29,overcast clouds,-6.2167,155.6333,Uruna Bay Retreat
365,Moscow,RU,66.43,broken clouds,55.7522,37.6156,Ararat Park Hyatt Moscow
366,Ozinki,RU,68.07,overcast clouds,51.1786,49.6769,Korolevskiy Dvor
367,Irbeyskoye,RU,59.83,overcast clouds,55.6428,95.4522,"Gostinitsa ""Agul"""
368,Medea,DZ,84.67,clear sky,36.2642,2.7539,H√¥tel M'Sallah
369,Iracoubo,GF,82.85,scattered clouds,5.4802,-53.2011,Le G√Æte d‚ÄôIracoubo
370,Pangkalanbuun,ID,73.98,light rain,-2.6833,111.6167,Grand Kecubung Hotel
371,Vila Franca Do Campo,PT,73.81,broken clouds,37.7167,-25.4333,Pestana Bahia Praia
372,Nemea,GR,87.75,clear sky,37.8167,22.6667,villa Axiothea nemea
373,Trinidad,BO,89.58,clear sky,-14.8333,-64.9,Hotel Piesta
374,Vardo,NO,57.18,clear sky,70.3705,31.1107,Vard√∏ Hotel AS
375,Matagami,CA,66.31,mist,49.7502,-77.6328,Motel Le Caribou
376,Zyryanovsk,KZ,58.95,overcast clouds,49.7386,84.2719,–ì–æ—Å—Ç–∏–Ω–∏—Ü–∞ ¬´–≠–í–ï–†–ï–°–¢¬ª
377,Ambovombe,MG,70.81,scattered clouds,-25.1667,46.0833,RELAHARA
378,Yulara,AU,50.14,clear sky,-25.2406,130.9889,Desert Gardens Hotel - Ayers Rock Resort
379,Chernyshevskiy,RU,55.54,overcast clouds,63.0128,112.4714,Chernyseyskiy
380,Clyde River,CA,41.23,light rain,70.4692,-68.5914,Qamaq Hotel
381,Bahia Honda,CU,89.08,light rain,22.9036,-83.1592,Casa Gualberto - Deysi
382,Erdaojiang,CN,64.51,overcast clouds,41.7764,126.0319,Tonggang Hotel
383,Vodnyy,RU,65.95,overcast clouds,63.5046,53.4095,–ö–∞–º–µ–Ω–∫–∞
384,Araguacu,BR,93.25,clear sky,-12.9306,-49.8264,Hotel Tocantins
385,Buala,SB,79.88,overcast clouds,-8.145,159.5921,Maringe Lagoon Lodge
386,Marsa Matruh,EG,78.53,clear sky,31.3525,27.2453,Beau Site
387,Pangnirtung,CA,44.6,light rain,66.1451,-65.7125,Kilabuk Lodge
388,Udachnyy,RU,48.45,light rain,66.4167,112.4,Severnoye Siyaniye
389,Salalah,OM,77.09,overcast clouds,17.0151,54.0924,"HAMDAN PLAZA HOTEL SALALAH, an HTG Hotel"
390,Aguimes,ES,79.66,few clouds,27.9054,-15.4461,Hotel Villa de Aguimes
391,San Patricio,US,94.17,clear sky,28.017,-97.5169,"Motel 6 Sinton, TX"
392,Caravelas,BR,77.49,clear sky,-17.7125,-39.2481,Pousada dos Navegantes
393,Nexo,DK,69.89,overcast clouds,55.0607,15.1306,Strandhotel Balka S√∏bad
394,Puerto Escondido,MX,86.83,scattered clouds,15.85,-97.0667,Aldea del Bazar Hotel and Spa
395,Garchitorena,PH,81.18,few clouds,13.8804,123.6946,Site
396,Port-Gentil,GA,76.96,scattered clouds,-0.7193,8.7815,Fengshui Residence
397,Kapustin Yar,RU,72.57,broken clouds,48.5831,45.7372,"Gostinitsa ""Znamensk"""
398,Bathsheba,BB,88.41,few clouds,13.2167,-59.5167,Atlantis Hotel
399,Launceston,AU,39.79,clear sky,-41.45,147.1667,Hotel Grand Chancellor Launceston
400,Port Hardy,CA,55.58,overcast clouds,50.6996,-127.4199,Airport Inn-Port Hardy
401,Miass,RU,55.78,few clouds,55.045,60.1083,Apartments 8 marta 147
402,Mbuji-Mayi,CD,81.55,broken clouds,-6.15,23.6,HOTEL METROPOLE DU KASAI
403,Palu,ID,75.65,broken clouds,-0.8917,119.8707,Hotel Santika Palu
404,Tartu,EE,79.05,clear sky,58.3806,26.7251,Hotel Starest
405,Taltal,CL,62.06,few clouds,-25.4,-70.4833,Residencial Karime
407,Tarbagatay,RU,58.53,moderate rain,51.4803,107.3602,"Meditativnyy Tsentr ""Sansara"""
408,Senneterre,CA,62.35,overcast clouds,48.3835,-77.2328,Motel Senabi
409,Gien,FR,83.44,clear sky,47.6933,2.6309,H√¥tel la Poularde
410,Chumikan,RU,52.0,overcast clouds,54.7183,135.315,Fortuna
412,Sharanga,RU,60.62,broken clouds,57.1775,46.5396,Yuronga
413,Santiago De Cao,PE,60.93,fog,-7.9589,-79.2392,Casa de la t√≠a
414,Garmsar,IR,98.1,clear sky,35.2182,52.3409,ŸÖÿ¨ÿ™ŸÖÿπ ŸÖÿ±ÿµÿßÿØ
415,Devonport,AU,49.01,few clouds,-41.1667,146.35,Gateway Hotel by Nightcap Plus
416,Pevek,RU,31.86,light snow,69.7008,170.3133,Severnoye Zoloto
418,Charters Towers,AU,56.55,clear sky,-20.1,146.2667,Cattleman's Rest Motor Inn
419,Bahadurganj,IN,81.05,overcast clouds,26.2667,87.8167,Usmania Cottage
420,Shenjiamen,CN,78.69,overcast clouds,29.9576,122.298,Jinjiang Inn Zhoushan Putuo Shenjiamen
422,Coquimbo,CL,56.93,broken clouds,-29.9533,-71.3436,Hotel San Juan
423,Tautira,PF,75.36,light rain,-17.7333,-149.15,Pension Oaoa
424,Padang,ID,77.61,overcast clouds,-0.9492,100.3543,Mercure Padang
425,Puerto Madero,MX,89.8,scattered clouds,14.7208,-92.4215,DEPARTAMENTOS LA ESTANCIA
426,Ibirama,BR,72.32,scattered clouds,-27.0569,-49.5178,Hotel Soralete - Grupo Rosablue
427,Zhezkazgan,KZ,84.29,scattered clouds,47.8043,67.7144,Hotel Zumrat
428,Virginia Beach,US,92.01,few clouds,36.8529,-75.978,Hilton Virginia Beach Oceanfront
429,Slave Lake,CA,67.98,clear sky,55.2834,-114.769,Super 8 by Wyndham Slave Lake AB
430,Vila Velha,BR,80.55,scattered clouds,-20.3297,-40.2925,Hotel Vit√≥ria Palace
431,Komsomolskiy,UZ,86.72,clear sky,40.4272,71.7189,Ikathouse
432,Soto La Marina,MX,93.78,few clouds,23.7667,-98.2167,Hotel Chicago
433,Sonqor,IR,80.01,clear sky,34.7837,47.6004,ÿ±€åŸÜ⁄Ø Ÿà ŸÑÿßÿ≥ÿ™€å⁄© ŸÖ€åŸÑÿßÿØ (ÿ∫€åÿßÿ´€å)
434,Matara,LK,78.53,broken clouds,5.9485,80.5353,Amaloh Boutique Resort
435,Annau,TM,92.7,clear sky,37.8876,58.516,"–ì–æ—Å—Ç–∏–Ω–∏—Ü–∞ ""–£—Å—Å–∞—Ç –∏–Ω–∂–µ–Ω–µ—Ä"""
436,Champerico,GT,91.94,overcast clouds,14.3,-91.9167,"Hotel y restaurante ""El Diamante"""
437,Oussouye,SN,86.18,moderate rain,12.485,-16.5469,Auberge du Routard
438,Zeya,RU,60.4,overcast clouds,53.75,127.2667,Kapital Inn
440,Gorontalo,ID,74.88,scattered clouds,0.5412,123.0595,Maqna Hotel by Prasanthi
441,Isla Mujeres,MX,89.65,few clouds,21.2311,-86.731,Hotel La Joya Isla Mujeres
442,Bilma,NE,99.37,broken clouds,18.6853,12.9164,Expeditions T√©n√©re voyages
443,Nuuk,GL,59.61,scattered clouds,64.1835,-51.7216,Vandrehuset
444,Andenes,NO,58.93,broken clouds,69.3143,16.1194,Hotell Marena
445,Quatre Cocos,MU,69.91,light rain,-20.2078,57.7625,Sunrise Attitude Hotel
446,Gat,IL,82.81,clear sky,31.61,34.7642,OlusHome
447,Morant Bay,JM,96.71,scattered clouds,17.8815,-76.4093,Whispering Bamboo Cove Resort
448,Nome,US,46.47,overcast clouds,64.5011,-165.4064,Dredge 7 Inn
449,Portree,GB,56.52,overcast clouds,57.4129,-6.1942,The Royal Hotel
450,Port Hedland,AU,70.92,clear sky,-20.3167,118.5667,The Esplanade Hotel
451,Laguna,US,91.09,clear sky,38.421,-121.4238,"Holiday Inn Express & Suites Elk Grove Central - Hwy 99, an IHG Hotel"
452,Nanyang,CN,77.72,few clouds,32.9947,112.5328,Wolong Memory Hotel
453,Mehamn,NO,60.75,light rain,71.0357,27.8492,Mehamn Arctic Hotel AS
454,Huaihua,CN,76.55,broken clouds,27.5494,109.9592,ÊÄÄÂåñÂ§©Â∫ÜÂ§ßÈÖíÂ∫ó
456,Fare,PF,76.46,clear sky,-16.7,-151.0167,Maitai Lapita Village Huahine
457,Nizhniy Ingash,RU,58.75,overcast clouds,56.2,96.53,Gostinitsa Bayazet
458,Dunmore Town,BS,82.69,scattered clouds,25.5,-76.65,Coral Sands Hotel
459,Nemuro,JP,56.68,clear sky,43.3236,145.575,Hotel Nemuro Kaiyoutei
460,Stromness,GB,57.16,scattered clouds,58.965,-3.296,The Old Smokery
461,Melito Di Porto Salvo,IT,86.54,clear sky,37.9222,15.7714,B&B Nereidi
462,Pitimbu,BR,79.39,overcast clouds,-7.4706,-34.8086,Reserva do Abia√≠
463,Nizwa,OM,89.98,overcast clouds,22.9333,57.5333,Orient Apartments
465,Nishihara,JP,83.48,scattered clouds,26.1842,127.7558,Minshuku Agaihama
466,Flinders,AU,59.38,light rain,-34.5833,150.8552,Shellharbour Resort & Conference Centre
467,Aswan,EG,97.5,clear sky,24.0934,32.907,Nuba Nile
468,Miandrivazo,MG,72.77,clear sky,-19.5167,45.4667,H√¥tel Arc En Ciel Miandrivazo
469,Verkhnyaya Maksakovka,RU,73.42,few clouds,61.635,50.9674,Baza Otdyha Maybyr
470,Cafelandia,BR,87.69,broken clouds,-21.8025,-49.61,Motel
471,Mogocha,RU,61.38,scattered clouds,53.7333,119.7667,Yalta Inn
472,Samarai,PG,79.41,clear sky,-10.6167,150.6667,Nuli Sapi
473,Havoysund,NO,57.43,light rain,70.9963,24.6622,Arctic View Glamping & Restaurant
474,Yibin,CN,78.66,broken clouds,28.7667,104.6238,Handsome Guesthouse
475,Quang Ngai,VN,76.32,broken clouds,15.1167,108.8,Central Hotel
476,Port Blair,IN,80.64,mist,11.6667,92.75,"Welcomhotel By ITC Hotels, Bay Island, Port Blair"
477,Susehri,TR,59.61,overcast clouds,40.1644,38.0867,Su Vadi Hotel
478,Aberdeen,GB,63.66,overcast clouds,57.1437,-2.0981,Premier Inn Aberdeen City Centre hotel
479,Delta,NG,78.49,overcast clouds,5.5,6.0,Prestige Hotel
480,Tezu,IN,77.09,moderate rain,27.9167,96.1667,Circuit House
481,Ruma,RS,95.59,broken clouds,45.0081,19.8222,"""Park"""
482,Bichena,ET,55.62,light rain,10.45,38.2,Dagm Tesfa Hotel ·ã≥·åç·àù ·â∞·àµ·çã ·àÜ·â¥·àç
483,Bijar,IR,80.78,clear sky,35.8668,47.6051,ÿ±ŸÜ⁄Ø ŸÅÿ±Ÿàÿ¥Ÿä ÿ¨ŸàÿßŸáÿ±Ÿä
484,Icara,BR,82.13,scattered clouds,-28.7133,-49.3,Kolinatur Agencia de Viagens
485,Salta,AR,75.58,overcast clouds,-24.7859,-65.4117,Hotel Alejandro I
486,Sarankhola,BD,80.85,overcast clouds,22.3082,89.7897,Red Crescent Cyclone Shelter Rashulpur
488,Bontang,ID,80.6,overcast clouds,0.1333,117.5,KOPKAR Hotel Bintang Sintuk
489,Arrifes,PT,71.85,broken clouds,37.7667,-25.7,Hotel Ponta Delgada
490,Mount Isa,AU,49.53,clear sky,-20.7333,139.5,ibis Styles Mt Isa Verona
491,Powell River,CA,69.03,few clouds,49.8496,-124.5361,Rodmay Hotel
492,Alugan,PH,81.43,clear sky,12.2188,125.4808,JM Lodge
493,Telde,ES,81.05,few clouds,27.9924,-15.4192,Hotel Rural Cortijo San Ignacio Golf
494,Mecca,SA,92.46,clear sky,21.4267,39.8261,"Makkah Clock Royal Tower, A Fairmont Hotel"
495,Maun,BW,62.15,broken clouds,-19.9833,23.4167,Enviro Villa
496,Leiyang,CN,81.1,broken clouds,26.4024,112.8591,Dongyang Hotel
497,Tevaitoa,PF,76.53,light rain,-16.7833,-151.5,H√¥tel Raiatea Lodge
498,Lorengau,PG,80.28,overcast clouds,-2.0226,147.2712,Lorengau Harbourside Hotel
499,Chester,US,93.15,clear sky,40.1254,-75.8749,"Holiday Inn Morgantown - Reading Area, an IHG Hotel"
500,Aksu,CN,83.7,clear sky,41.1231,80.2644,Pudong Holiday Hotel
503,Pestretsy,RU,68.14,broken clouds,55.7531,49.6545,Motel' Mosha
504,Anori,BR,93.76,scattered clouds,-3.7728,-61.6442,Novo Hotel 5 Irm√£os
506,Khani,GE,58.57,overcast clouds,41.9563,42.9566,·Éô·É£·É†·Éù·É†·É¢·Éò ·Éñ·Éî·Éô·Éê·É†·Éò/Resort Zekari
507,Axim,GH,77.59,scattered clouds,4.8699,-2.2405,Axim Beach Resort And Spa
511,Tabuk,PH,76.41,broken clouds,17.4189,121.4443,Golden Berries Hotel and Convention
514,Roald,NO,59.16,scattered clouds,62.5833,6.1333,Flem Cabins
515,Muli,MV,80.65,moderate rain,2.9167,73.5667,Medhufushi Island Resort
516,Fort Nelson,CA,58.59,broken clouds,58.8053,-122.7002,The Fort Nelson Hotel
517,Harper,LR,77.5,broken clouds,4.375,-7.7169,Screensaver
518,Teguise,ES,79.02,clear sky,29.0605,-13.564,B&B La Casona de Nazaret
519,Igrim,RU,62.65,broken clouds,63.1906,64.4162,Obshchezhitiye Uchebno-Proizvodstvennogo Tsentra
520,Sao Joao Do Paraiso,BR,81.97,clear sky,-15.3136,-42.0144,Avenida Palace Hotel
521,Jerome,US,85.48,clear sky,42.7241,-114.5186,Best Western Sawtooth Inn & Suites
522,Sterlibashevo,RU,62.6,overcast clouds,53.4376,55.2578,"Okhotnich'ye Khozyaystvo ""Bober"""
523,Kyabram,AU,42.87,clear sky,-36.3167,145.05,Kyabram Motor Inn
525,Rawson,AR,48.74,broken clouds,-43.3002,-65.1023,Hosteria Sampedro
526,Carahue,CL,51.49,light rain,-38.7,-73.1667,Hospedaje Familiar
527,Solnechnyy,RU,59.04,overcast clouds,50.7214,136.6319,Hotel complex Pastoral
528,Sao Bernardo,BR,91.22,scattered clouds,-3.3614,-42.4178,Hotel Prado
529,Moville,US,89.24,clear sky,42.4889,-96.0725,EastSide Acres Mobile Home Park
530,Maragogi,BR,77.81,broken clouds,-9.0122,-35.2225,Salinas do Maragogi All Inclusive Resort
531,Bedesa,ET,64.13,light rain,8.9,40.7833,Huzefa Adam
532,Mahad,IN,77.65,overcast clouds,18.0833,73.4167,Hotel Saitej
533,Noyabrsk,RU,50.77,overcast clouds,63.1994,75.4507,Hotel Uyutnaya
534,Buenos Aires,AR,67.68,overcast clouds,-34.6132,-58.3772,Hotel NH Buenos Aires City
535,Majene,ID,77.45,broken clouds,-3.5403,118.9707,Kost Putri RABBANI
536,Eldorado,BR,84.09,scattered clouds,-23.7869,-54.2836,Villa Verde Hotel
537,Singkang,MY,77.61,broken clouds,2.1006,102.7994,Kampung Seri Makmor Pagoh
538,Mpika,ZM,59.83,scattered clouds,-11.8343,31.4529,Melodies Lodge
539,Khuzhir,RU,54.72,overcast clouds,53.1939,107.3397,–û—Ç–µ–ª—å –Ω–∞ –æ–∑–µ—Ä–µ –ë–∞–π–∫–∞–ª Baikal View
540,Mitsamiouli,KM,76.17,clear sky,-11.3847,43.2844,Foyer ADM
541,Chapada Dos Guimaraes,BR,85.66,clear sky,-15.4606,-55.7497,Pousada Morro Dos Ventos
543,Gizo,SB,81.46,light rain,-8.103,156.8419,Imagination Island
545,Port Moresby,PG,75.94,overcast clouds,-9.4431,147.1797,Lamana Hotel (Port Moresby)
547,Xingtai,CN,77.45,few clouds,37.0631,114.4942,Xingzhou Hotel
548,Starkville,US,91.27,broken clouds,33.4504,-88.8184,Hilton Garden Inn Starkville
549,Paraiso,CR,74.88,overcast clouds,9.8383,-83.8656,Hotel Rinconcito Verde
550,Rio Grande,BR,69.91,light rain,-32.035,-52.0986,Hotel Atl√¢ntico Rio Grande
551,Sechura,PE,70.75,broken clouds,-5.5569,-80.8222,Hospedaje Costa Bella
552,Seydi,TM,98.44,clear sky,39.4816,62.9137,Seydi oteli
553,Turgoyak,RU,55.83,clear sky,55.15,60.1183,Rayder
554,Bundaberg,AU,62.89,light rain,-24.85,152.35,Takalvan Motel
555,Hecun,CN,77.4,few clouds,36.5333,114.1111,Yijia Hotel
556,Muros,ES,81.68,clear sky,42.7762,-9.0603,Apartment Av. Castelao
558,Kitui,KE,66.52,broken clouds,-1.367,38.0106,Heritage Bliss Hotel
559,Ketchikan,US,55.87,overcast clouds,55.3422,-131.6461,Snow's Cove Lodge
560,Corinto,GR,91.42,clear sky,37.9407,22.9573,Ephira Hotel
561,Mirador,BR,95.2,clear sky,-6.3708,-44.3631,Pousada Restaurante e Pizzaria Povo
562,Tursunzoda,TJ,91.8,clear sky,38.5144,68.2333,Osoishgokhi Tabobati
563,Cartagena,CO,85.62,scattered clouds,10.3997,-75.5144,Hotel Colombia Real - Cartagena
564,Indianola,US,90.91,clear sky,41.3581,-93.5574,Quality Inn Indianola
565,Watertown,US,95.92,scattered clouds,42.3709,-71.1828,16 Washburn Street Watertown MA
566,Coahuayana,MX,91.45,broken clouds,18.7333,-103.6833,El rranchito michuacan de ocampos
567,Raudeberg,NO,54.95,broken clouds,61.9875,5.1352,Nordre Silda.
569,Vao,NC,73.29,few clouds,-22.6667,167.4833,Hotel Kou-Bugny
570,Margate,GB,68.11,broken clouds,51.3813,1.3862,Premier Inn Margate hotel
571,Almora,IN,66.58,overcast clouds,29.6167,79.6667,New Dolma
572,Te Anau,NZ,33.39,scattered clouds,-45.4167,167.7167,Kingsgate Hotel Te Anau
573,Waipawa,NZ,44.94,overcast clouds,-41.4122,175.5153,Tora Coastal Walk
574,Pangai,TO,76.41,clear sky,-19.8,-174.35,Ha'apai Beach Resort
575,Banyo,CM,69.55,moderate rain,6.75,11.8167,Motel JOMBA
576,Huarmey,PE,66.78,broken clouds,-10.0681,-78.1522,Hotel Miramar
577,Westport,US,94.41,clear sky,41.1415,-73.3579,The Westport Inn
579,Haines Junction,CA,49.01,overcast clouds,60.7522,-137.5108,Parkside Inn
580,Hemnesberget,NO,57.92,overcast clouds,66.2333,13.6333,Hemnesberget molo
581,Myrtle Grove,US,93.36,light rain,30.421,-87.3075,"Holiday Inn Express & Suites Pensacola West-Navy Base, an IHG Hotel"
583,Sioux Falls,US,82.26,clear sky,43.55,-96.7003,"Holiday Inn Sioux Falls-City Centre, an IHG Hotel"
584,Bitung,ID,76.05,broken clouds,1.4451,125.1824,K2 Lembeh
585,Exeter,GB,73.47,few clouds,50.7236,-3.5275,Premier Inn Exeter (Countess Wear) hotel
586,Zhigansk,RU,56.34,light rain,66.7697,123.3711,Gostinichnyy Kompleks Aylgy
587,Tecolutla,MX,91.26,clear sky,20.4833,-97.0167,Hotel Plaza Marsol
588,Hambantota,LK,79.54,overcast clouds,6.1241,81.1185,Bungalow 63
589,San Jeronimo,PE,61.72,clear sky,-11.9472,-75.2829,Tuki Llajta Pueblo Bonito Eco Lodge
590,Parvatipuram,IN,81.73,overcast clouds,18.7833,83.4333,Laxman Lodge
591,Ulladulla,AU,53.6,overcast clouds,-35.35,150.4667,Sandpiper Motel
592,Dali,CN,63.91,overcast clouds,25.7,100.1833,Dali Travelling With Hostel
593,Winburg,ZA,56.26,broken clouds,-28.518,27.0093,Hotel Winburg
594,Dudinka,RU,52.63,scattered clouds,69.4058,86.1778,Hotel Viktoria
595,Mastic Beach,US,92.7,few clouds,40.7668,-72.8521,Brushwood House by Smith Point Beach
596,Homer,US,53.76,overcast clouds,59.6425,-151.5483,Beluga Lake Lodge
597,Duminichi,RU,61.09,scattered clouds,53.9345,35.1099,"Gostinitsa Ooo ""Td ""Khot'kovo"""
598,Lata,PT,85.5,clear sky,40.1629,-8.3327,Casa Maquia
599,Shelburne,CA,74.19,broken clouds,44.0787,-80.2041,The Retreat at the Farm
600,Karaj,IR,93.72,clear sky,35.8355,51.0103,MarMar Hotel
601,Rocha,UY,59.0,broken clouds,-34.4833,-54.3333,Hotel Arrarte
602,Japura,ID,74.01,overcast clouds,-0.3167,102.35,Rumah mbah Jamah
603,Santiago,CL,71.55,clear sky,-33.4569,-70.6483,Hotel Panamericano
604,Wuwei,CN,56.32,scattered clouds,37.9281,102.6414,Thank Inn Chain Hotel gansu wuwei liangzhou district xiguan middle road
605,Matay,EG,93.43,clear sky,28.419,30.7792,Nag Aespen
606,Sangre Grande,TT,84.18,broken clouds,10.5835,-61.1177,Lotus drive
607,Santa Maria,BR,77.79,overcast clouds,-29.6842,-53.8069,Hotel Morotin
608,Coruripe,BR,79.12,scattered clouds,-10.1256,-36.1756,Pousada e Hotel Litoral Sul
609,Pochutla,MX,91.81,overcast clouds,15.7432,-96.4661,Hotel Posada San Jose
610,Ashqelon,IL,83.82,clear sky,31.6693,34.5715,Leonardo Ashkelon
612,San Andres,CO,86.02,scattered clouds,12.5847,-81.7006,Hotel Arena Blanca
613,Sinnamary,GF,83.05,scattered clouds,5.3833,-52.95,ALETHEIA Appartement Sinnamary
614,Wajima,JP,73.56,light rain,37.4,136.9,Wajiima Onsen Yashio
615,Juegang,CN,80.91,few clouds,32.3174,121.1855,Rudong Y Hotel
616,Kirillov,RU,66.22,overcast clouds,59.863,38.3813,Rus Hotel
618,Verkhnevilyuysk,RU,54.64,overcast clouds,63.4453,120.3167,Gostinitsa Mila
619,Arkhangelsk,RU,66.31,clear sky,64.5401,40.5433,DVINA HOTEL
620,Mandalgovi,MN,59.31,overcast clouds,45.7625,106.2708,–í.–ì–∞–Ω–±–∞—Ç
621,Lianyuan,CN,80.78,overcast clouds,27.6883,111.6642,Lianyuan Hotel
622,Altamont,US,79.77,clear sky,42.2068,-121.7372,Microtel Inn & Suites by Wyndham Klamath Falls
623,San Quintin,MX,73.81,overcast clouds,30.4833,-115.95,Don Eddie's Sport Fishing Center
625,Byron Bay,AU,58.96,light rain,-28.65,153.6167,Backpackers Inn
627,Gwadar,PK,83.16,overcast clouds,25.1216,62.3254,Sadaf Resort
628,Ambon,ID,77.23,few clouds,-3.6954,128.1814,Swiss-Belhotel Ambon
629,Basar,IN,72.16,heavy intensity rain,27.9833,94.6667,Dolma Group of Hotels
630,Do Gonbadan,IR,93.29,clear sky,30.3586,50.7981,ŸÖÿ≥ÿßŸÅÿ±ÿÆÿßŸÜŸá ÿ¥ÿßÿØ€å
631,Kajaani,FI,77.05,clear sky,64.2273,27.7285,Original Sokos Hotel Valjus
632,Bedford,GB,73.35,few clouds,52.1346,-0.4663,Premier Inn Bedford (Priory Marina) hotel
633,Laohekou,CN,78.12,overcast clouds,32.3858,111.6678,Laohekou Hotel
634,Zhanaozen,KZ,96.58,scattered clouds,43.3,52.8,K.korabay 28A
635,Mersing,MY,75.11,scattered clouds,2.4312,103.8405,Timotel Hotel
636,Ust-Nera,RU,52.09,scattered clouds,64.5667,143.2,Hotel Ust-Nera
637,Kanye,BW,58.48,overcast clouds,-24.9667,25.3327,The Savanna Lodge
638,Huinan,CN,64.63,overcast clouds,42.6225,126.2614,Jinxi Fashion Hotel
639,Ocampo,MX,76.87,clear sky,21.65,-101.5,Hotel Estancia del Vaquero
640,Pundaguitan,PH,81.43,moderate rain,6.3711,126.1689,Leonardo Family Beach House 1
641,Sabanalarga,CO,85.08,overcast clouds,10.6296,-74.9206,Hotel Miraflores
642,Skjervoy,NO,53.6,overcast clouds,70.0311,20.9714,Skjerv√∏y fiskecamp AS
643,Vista Alegre,PA,82.18,drizzle,8.9333,-79.7,Casa De Vecina
645,Nanga Eboko,CM,72.09,light rain,4.6833,12.3667,Motel Papi Palace
646,Abnub,EG,93.27,clear sky,27.2696,31.1511,ÿØŸàÿßÿ± ÿßŸÑ ÿπÿ®ÿØ ÿßŸÑÿ¨ŸàÿßÿØ ÿ¥ÿ±ŸÇ ÿßŸÑÿ®ŸÑÿØ ÿ®ÿßÿ®ŸÜŸàÿ®
647,Punta,PH,77.11,overcast clouds,8.9897,125.34,Vyjannex boarding house
648,Khartoum,SD,95.02,overcast clouds,15.5518,32.5324,Hotel China
649,Ewa Beach,US,76.08,light rain,21.3156,-158.0072,Base Lodging
650,Kishi,NG,78.49,light rain,9.0833,3.85,New NCCF KISI
651,Sorland,NO,53.46,light rain,67.667,12.6934,Sjybrygga fiskecamp
654,Ucluelet,CA,57.51,broken clouds,48.9329,-125.5528,Black Rock Oceanfront Resort
655,Kibala,TD,80.06,broken clouds,9.1104,18.3463,Prasant Hotels
656,El Alto,PE,67.66,broken clouds,-4.2714,-81.2147,Black Marlin Restaurant & Hospedaje
657,Olga,RU,63.07,overcast clouds,43.7444,135.2892,Gostinitsa Rosmorport.
658,Rockingham,US,95.95,broken clouds,42.9668,-71.0995,Iron Wheel Mobile Home Park
659,Assentoft,DK,76.82,overcast clouds,56.4421,10.1517,Gr√¶srodsg√•rden
660,Along,IN,74.93,moderate rain,28.1667,94.7667,Hotel West
661,Farafangana,MG,67.98,clear sky,-22.8167,47.8333,Miarina
662,Puerto Colombia,CO,86.09,overcast clouds,10.9878,-74.9547,Hotel El Emigrante
663,Naryan-Mar,RU,49.95,clear sky,67.6713,53.087,Hostel Agat
665,Terney,RU,61.54,overcast clouds,45.0503,136.6092,"Hotel ""Ternay"""
666,Port Lincoln,AU,54.79,overcast clouds,-34.7333,135.8667,Port Lincoln Hotel
669,Copiapo,CL,53.29,broken clouds,-27.3667,-70.3333,Antay Casino Hotel
670,Tecoanapa,MX,86.49,broken clouds,16.5167,-98.75,Hotel Manglares
671,Jining,CN,75.61,clear sky,35.405,116.5814,Yunhe Star Hotel
672,Nouakchott,MR,82.33,broken clouds,18.0858,-15.9785,HOTEL IMAN
673,Olinda,BR,74.93,broken clouds,-8.0089,-34.8553,Flat Quatro Rodas Olinda
674,Camargo,MX,91.09,clear sky,27.6667,-105.1667,Hotel Santa Fe
676,Porto Empedocle,IT,88.3,clear sky,37.2934,13.5264,Hotel dei Pini
677,Sistranda,NO,55.36,scattered clouds,63.7256,8.834,Hotell Fr√∏ya
678,Kirakira,SB,79.09,scattered clouds,-10.4544,161.9205,SanBiz Lodge
679,Sao Gabriel Da Cachoeira,BR,87.6,scattered clouds,-0.1303,-67.0892,Alarne - √Årea De Lazer Do Alto Rio Negro
680,Alta Floresta,BR,96.62,clear sky,-9.8756,-56.0861,Floresta Amazonica Hotel
682,Yatou,CN,69.67,clear sky,37.15,122.3833,GreenTree Hotel Rongcheng Bus Station
683,Muyezerskiy,RU,76.46,scattered clouds,63.9333,31.65,"Gostinitsa Ooo ""Lzkh ""Ledmozerskoye"""
684,Dakar,SN,88.68,scattered clouds,14.6937,-17.4441,Novotel Dakar
